Feature,Coefficient,Absolute_Coefficient
Monthly Charge,1.8483466872737724,1.8483466872737724
Number of Referrals,-1.7821186453188949,1.7821186453188949
Contract_Two Year,-1.1812598611690113,1.1812598611690113
Tenure in Months,-0.9317119837646959,0.9317119837646959
Dependents_Yes,-0.7486138737733491,0.7486138737733491
Referred a Friend_Yes,0.7307827469382983,0.7307827469382983
Contract_One Year,-0.5684089312359297,0.5684089312359297
Internet Type_Fiber Optic,-0.5501795945191781,0.5501795945191781
Phone Service_Yes,-0.47250438642201703,0.47250438642201703
Streaming Movies_Yes,-0.3877026308486088,0.3877026308486088
Internet Service_Yes,-0.30357376031347055,0.30357376031347055
Premium Tech Support_Yes,-0.2881971168243373,0.2881971168243373
Online Security_Yes,-0.2800588524818778,0.2800588524818778
Streaming Music_Yes,0.25721402030846763,0.25721402030846763
Senior Citizen_Yes,0.25657495295436233,0.25657495295436233
Total Charges,0.24762414588030845,0.24762414588030845
Payment Method_Credit Card,-0.22097786136120098,0.22097786136120098
Online Backup_Yes,-0.22021810026717156,0.22021810026717156
Married_Yes,0.21960625511048676,0.21960625511048676
Total Revenue,0.194303845676441,0.194303845676441
Offer_Offer D,-0.16233249693424867,0.16233249693424867
Streaming TV_Yes,-0.1463971513961004,0.1463971513961004
Number of Dependents,0.13750365175808527,0.13750365175808527
Paperless Billing_Yes,0.13475833195307255,0.13475833195307255
Device Protection Plan_Yes,-0.1325371031325661,0.1325371031325661
Offer_Offer E,0.11447611378977421,0.11447611378977421
Payment Method_Mailed Check,0.10293765935552258,0.10293765935552258
Offer_Offer B,-0.08516201920853342,0.08516201920853342
Total Refunds,-0.07771565065200763,0.07771565065200763
Under 30_Yes,-0.06259367893311485,0.06259367893311485
Internet Type_DSL,-0.04966118709189174,0.04966118709189174
Unlimited Data_Yes,0.04798124928157798,0.04798124928157798
Age,0.043453481983109894,0.043453481983109894
Offer_Offer C,-0.04327308623054513,0.04327308623054513
Avg Monthly GB Download,0.032784702394379465,0.032784702394379465
Multiple Lines_Yes,-0.02336151370457155,0.02336151370457155
Total Extra Data Charges,0.021413762994682325,0.021413762994682325
Avg Monthly Long Distance Charges,0.020016377403444887,0.020016377403444887
CLTV,-0.01208297221751308,0.01208297221751308
Total Long Distance Charges,-0.0062946812216775425,0.0062946812216775425
Gender_Male,0.002600474127307873,0.002600474127307873
